rodada,workflow,gate_mode,gate_scope,zap_ajax,run_id,head_sha,criada_em,situacao,conclusao,revisar
BASE-01,00-baseline.yml,,,,36475739379,7ad02b7add541c8a54400cf27ec1b09de3aedb4f,2026-09-28T19:56:53Z,arquivada,success,
AUD-01,01-devsecops.yml,audit,all_tools,True,36475757554,7ad02b7add541c8a54400cf27ec1b09de3aedb4f,2026-09-28T19:57:03Z,arquivada,success,
BASE-02,00-baseline.yml,,,,36475777193,7ad02b7add541c8a54400cf27ec1b09de3aedb4f,2026-09-28T19:57:14Z,arquivada,success,
AUD-02,01-devsecops.yml,audit,all_tools,True,36475797081,7ad02b7add541c8a54400cf27ec1b09de3aedb4f,2026-09-28T19:57:24Z,arquivada,success,
ENF-01,01-devsecops.yml,enforce,sca_only,True,36476314826,7ad02b7add541c8a54400cf27ec1b09de3aedb4f,2026-09-28T20:01:52Z,arquivada,failure,
BASE-03,00-baseline.yml,,,,36476335407,7ad02b7add541c8a54400cf27ec1b09de3aedb4f,2026-09-28T20:02:03Z,arquivada,success,
AUD-03,01-devsecops.yml,audit,all_tools,True,36476846793,7ad02b7add541c8a54400cf27ec1b09de3aedb4f,2026-09-28T20:06:28Z,arquivada,success,
BASE-04,00-baseline.yml,,,,36477374570,7ad02b7add541c8a54400cf27ec1b09de3aedb4f,2026-09-28T20:11:00Z,arquivada,success,
AUD-04,01-devsecops.yml,audit,all_tools,True,36477900429,7ad02b7add541c8a54400cf27ec1b09de3aedb4f,2026-09-28T20:15:25Z,arquivada,success,
ENF-02,01-devsecops.yml,enforce,sca_only,True,36482367301,7ad02b7add541c8a54400cf27ec1b09de3aedb4f,2026-09-28T20:53:28Z,arquivada,failure,
BASE-05,00-baseline.yml,,,,36483122303,7ad02b7add541c8a54400cf27ec1b09de3aedb4f,2026-09-28T21:00:08Z,arquivada,success,
AUD-05,01-devsecops.yml,audit,all_tools,True,36483419446,7ad02b7add541c8a54400cf27ec1b09de3aedb4f,2026-09-28T21:02:43Z,arquivada,success,
BASE-06,00-baseline.yml,,,,36483686211,7ad02b7add541c8a54400cf27ec1b09de3aedb4f,2026-09-28T21:05:03Z,arquivada,success,
AUD-06,01-devsecops.yml,audit,all_tools,True,36484207483,7ad02b7add541c8a54400cf27ec1b09de3aedb4f,2026-09-28T21:09:38Z,arquivada,success,
ENF-03,01-devsecops.yml,enforce,sca_only,True,36484225698,7ad02b7add541c8a54400cf27ec1b09de3aedb4f,2026-09-28T21:09:48Z,arquivada,failure,
BASE-07,00-baseline.yml,,,,36485235928,7ad02b7add541c8a54400cf27ec1b09de3aedb4f,2026-09-28T21:18:41Z,arquivada,success,
AUD-07,01-devsecops.yml,audit,all_tools,True,36485254489,7ad02b7add541c8a54400cf27ec1b09de3aedb4f,2026-09-28T21:18:51Z,arquivada,success,
BASE-08,00-baseline.yml,,,,36485747162,7ad02b7add541c8a54400cf27ec1b09de3aedb4f,2026-09-28T21:23:16Z,arquivada,success,
AUD-08,01-devsecops.yml,audit,all_tools,True,36486242752,7ad02b7add541c8a54400cf27ec1b09de3aedb4f,2026-09-28T21:27:42Z,arquivada,success,
ENF-04,01-devsecops.yml,enforce,sca_only,True,36490328884,7ad02b7add541c8a54400cf27ec1b09de3aedb4f,2026-09-28T22:05:57Z,arquivada,failure,
BASE-09,00-baseline.yml,,,,36490789073,7ad02b7add541c8a54400cf27ec1b09de3aedb4f,2026-09-28T22:10:30Z,arquivada,success,
AUD-09,01-devsecops.yml,audit,all_tools,True,36491255296,7ad02b7add541c8a54400cf27ec1b09de3aedb4f,2026-09-28T22:15:07Z,arquivada,success,
BASE-10,00-baseline.yml,,,,36491275569,7ad02b7add541c8a54400cf27ec1b09de3aedb4f,2026-09-28T22:15:17Z,arquivada,success,
AUD-10,01-devsecops.yml,audit,all_tools,True,36491525012,7ad02b7add541c8a54400cf27ec1b09de3aedb4f,2026-09-28T22:17:44Z,arquivada,success,
ENF-05,01-devsecops.yml,enforce,sca_only,True,36491751752,7ad02b7add541c8a54400cf27ec1b09de3aedb4f,2026-09-28T22:20:04Z,arquivada,failure,
