run_id,rodada,config,alvo,ferramenta,fonte,bruto,deduplicado,razao_bruto_dedup,disparadores,fora_do_alvo
36475757554,AUD-01,devsecops-audit,alvo1,semgrep,semgrep,48,48,1.0,13,0
36475757554,AUD-01,devsecops-audit,alvo1,trivy,trivy-image,103,103,1.0,55,0
36475757554,AUD-01,devsecops-audit,alvo1,trivy,trivy-secret,5,5,1.0,,0
36475757554,AUD-01,devsecops-audit,alvo1,trivy,trivy-config,2,2,1.0,,0
36475757554,AUD-01,devsecops-audit,alvo1,zap,zap,151,131,1.153,3,10
36475757554,AUD-01,devsecops-audit,alvo2,semgrep,semgrep,17,17,1.0,3,0
36475757554,AUD-01,devsecops-audit,alvo2,trivy,trivy-image,6146,6144,1.0,2483,0
36475757554,AUD-01,devsecops-audit,alvo2,trivy,trivy-secret,0,0,,,0
36475757554,AUD-01,devsecops-audit,alvo2,trivy,trivy-config,2,2,1.0,,0
36475757554,AUD-01,devsecops-audit,alvo2,zap,zap,61,59,1.034,0,0
36475797081,AUD-02,devsecops-audit,alvo1,semgrep,semgrep,48,48,1.0,13,0
36475797081,AUD-02,devsecops-audit,alvo1,trivy,trivy-image,103,103,1.0,55,0
36475797081,AUD-02,devsecops-audit,alvo1,trivy,trivy-secret,5,5,1.0,,0
36475797081,AUD-02,devsecops-audit,alvo1,trivy,trivy-config,2,2,1.0,,0
36475797081,AUD-02,devsecops-audit,alvo1,zap,zap,163,141,1.156,5,10
36475797081,AUD-02,devsecops-audit,alvo2,semgrep,semgrep,17,17,1.0,3,0
36475797081,AUD-02,devsecops-audit,alvo2,trivy,trivy-image,6146,6144,1.0,2483,0
36475797081,AUD-02,devsecops-audit,alvo2,trivy,trivy-secret,0,0,,,0
36475797081,AUD-02,devsecops-audit,alvo2,trivy,trivy-config,2,2,1.0,,0
36475797081,AUD-02,devsecops-audit,alvo2,zap,zap,53,51,1.039,0,0
36476314826,ENF-01,devsecops-enforce,alvo1,semgrep,semgrep,48,48,1.0,13,0
36476314826,ENF-01,devsecops-enforce,alvo1,trivy,trivy-image,103,103,1.0,55,0
36476314826,ENF-01,devsecops-enforce,alvo1,trivy,trivy-secret,5,5,1.0,,0
36476314826,ENF-01,devsecops-enforce,alvo1,trivy,trivy-config,2,2,1.0,,0
36476314826,ENF-01,devsecops-enforce,alvo2,semgrep,semgrep,17,17,1.0,3,0
36476314826,ENF-01,devsecops-enforce,alvo2,trivy,trivy-image,6146,6144,1.0,2483,0
36476314826,ENF-01,devsecops-enforce,alvo2,trivy,trivy-secret,0,0,,,0
36476314826,ENF-01,devsecops-enforce,alvo2,trivy,trivy-config,2,2,1.0,,0
36476846793,AUD-03,devsecops-audit,alvo1,semgrep,semgrep,48,48,1.0,13,0
36476846793,AUD-03,devsecops-audit,alvo1,trivy,trivy-image,103,103,1.0,55,0
36476846793,AUD-03,devsecops-audit,alvo1,trivy,trivy-secret,5,5,1.0,,0
36476846793,AUD-03,devsecops-audit,alvo1,trivy,trivy-config,2,2,1.0,,0
36476846793,AUD-03,devsecops-audit,alvo1,zap,zap,148,129,1.147,2,16
36476846793,AUD-03,devsecops-audit,alvo2,semgrep,semgrep,17,17,1.0,3,0
36476846793,AUD-03,devsecops-audit,alvo2,trivy,trivy-image,6146,6144,1.0,2483,0
36476846793,AUD-03,devsecops-audit,alvo2,trivy,trivy-secret,0,0,,,0
36476846793,AUD-03,devsecops-audit,alvo2,trivy,trivy-config,2,2,1.0,,0
36476846793,AUD-03,devsecops-audit,alvo2,zap,zap,53,51,1.039,0,0
36477900429,AUD-04,devsecops-audit,alvo1,semgrep,semgrep,48,48,1.0,13,0
36477900429,AUD-04,devsecops-audit,alvo1,trivy,trivy-image,103,103,1.0,55,0
36477900429,AUD-04,devsecops-audit,alvo1,trivy,trivy-secret,5,5,1.0,,0
36477900429,AUD-04,devsecops-audit,alvo1,trivy,trivy-config,2,2,1.0,,0
36477900429,AUD-04,devsecops-audit,alvo1,zap,zap,153,130,1.177,2,10
36477900429,AUD-04,devsecops-audit,alvo2,semgrep,semgrep,17,17,1.0,3,0
36477900429,AUD-04,devsecops-audit,alvo2,trivy,trivy-image,6146,6144,1.0,2483,0
36477900429,AUD-04,devsecops-audit,alvo2,trivy,trivy-secret,0,0,,,0
36477900429,AUD-04,devsecops-audit,alvo2,trivy,trivy-config,2,2,1.0,,0
36477900429,AUD-04,devsecops-audit,alvo2,zap,zap,61,59,1.034,0,0
36482367301,ENF-02,devsecops-enforce,alvo1,semgrep,semgrep,48,48,1.0,13,0
36482367301,ENF-02,devsecops-enforce,alvo1,trivy,trivy-image,103,103,1.0,55,0
36482367301,ENF-02,devsecops-enforce,alvo1,trivy,trivy-secret,5,5,1.0,,0
36482367301,ENF-02,devsecops-enforce,alvo1,trivy,trivy-config,2,2,1.0,,0
36482367301,ENF-02,devsecops-enforce,alvo2,semgrep,semgrep,17,17,1.0,3,0
36482367301,ENF-02,devsecops-enforce,alvo2,trivy,trivy-image,6146,6144,1.0,2483,0
36482367301,ENF-02,devsecops-enforce,alvo2,trivy,trivy-secret,0,0,,,0
36482367301,ENF-02,devsecops-enforce,alvo2,trivy,trivy-config,2,2,1.0,,0
36483419446,AUD-05,devsecops-audit,alvo1,semgrep,semgrep,48,48,1.0,13,0
36483419446,AUD-05,devsecops-audit,alvo1,trivy,trivy-image,103,103,1.0,55,0
36483419446,AUD-05,devsecops-audit,alvo1,trivy,trivy-secret,5,5,1.0,,0
36483419446,AUD-05,devsecops-audit,alvo1,trivy,trivy-config,2,2,1.0,,0
36483419446,AUD-05,devsecops-audit,alvo1,zap,zap,149,126,1.183,2,27
36483419446,AUD-05,devsecops-audit,alvo2,semgrep,semgrep,17,17,1.0,3,0
36483419446,AUD-05,devsecops-audit,alvo2,trivy,trivy-image,6146,6144,1.0,2483,0
36483419446,AUD-05,devsecops-audit,alvo2,trivy,trivy-secret,0,0,,,0
36483419446,AUD-05,devsecops-audit,alvo2,trivy,trivy-config,2,2,1.0,,0
36483419446,AUD-05,devsecops-audit,alvo2,zap,zap,61,59,1.034,0,0
36484207483,AUD-06,devsecops-audit,alvo1,semgrep,semgrep,48,48,1.0,13,0
36484207483,AUD-06,devsecops-audit,alvo1,trivy,trivy-image,103,103,1.0,55,0
36484207483,AUD-06,devsecops-audit,alvo1,trivy,trivy-secret,5,5,1.0,,0
36484207483,AUD-06,devsecops-audit,alvo1,trivy,trivy-config,2,2,1.0,,0
36484207483,AUD-06,devsecops-audit,alvo1,zap,zap,142,126,1.127,2,11
36484207483,AUD-06,devsecops-audit,alvo2,semgrep,semgrep,17,17,1.0,3,0
36484207483,AUD-06,devsecops-audit,alvo2,trivy,trivy-image,6146,6144,1.0,2483,0
36484207483,AUD-06,devsecops-audit,alvo2,trivy,trivy-secret,0,0,,,0
36484207483,AUD-06,devsecops-audit,alvo2,trivy,trivy-config,2,2,1.0,,0
36484207483,AUD-06,devsecops-audit,alvo2,zap,zap,57,55,1.036,0,0
36484225698,ENF-03,devsecops-enforce,alvo1,semgrep,semgrep,48,48,1.0,13,0
36484225698,ENF-03,devsecops-enforce,alvo1,trivy,trivy-image,103,103,1.0,55,0
36484225698,ENF-03,devsecops-enforce,alvo1,trivy,trivy-secret,5,5,1.0,,0
36484225698,ENF-03,devsecops-enforce,alvo1,trivy,trivy-config,2,2,1.0,,0
36484225698,ENF-03,devsecops-enforce,alvo2,semgrep,semgrep,17,17,1.0,3,0
36484225698,ENF-03,devsecops-enforce,alvo2,trivy,trivy-image,6146,6144,1.0,2483,0
36484225698,ENF-03,devsecops-enforce,alvo2,trivy,trivy-secret,0,0,,,0
36484225698,ENF-03,devsecops-enforce,alvo2,trivy,trivy-config,2,2,1.0,,0
36485254489,AUD-07,devsecops-audit,alvo1,semgrep,semgrep,48,48,1.0,13,0
36485254489,AUD-07,devsecops-audit,alvo1,trivy,trivy-image,103,103,1.0,55,0
36485254489,AUD-07,devsecops-audit,alvo1,trivy,trivy-secret,5,5,1.0,,0
36485254489,AUD-07,devsecops-audit,alvo1,trivy,trivy-config,2,2,1.0,,0
36485254489,AUD-07,devsecops-audit,alvo1,zap,zap,149,127,1.173,2,12
36485254489,AUD-07,devsecops-audit,alvo2,semgrep,semgrep,17,17,1.0,3,0
36485254489,AUD-07,devsecops-audit,alvo2,trivy,trivy-image,6146,6144,1.0,2483,0
36485254489,AUD-07,devsecops-audit,alvo2,trivy,trivy-secret,0,0,,,0
36485254489,AUD-07,devsecops-audit,alvo2,trivy,trivy-config,2,2,1.0,,0
36485254489,AUD-07,devsecops-audit,alvo2,zap,zap,57,55,1.036,0,0
36486242752,AUD-08,devsecops-audit,alvo1,semgrep,semgrep,48,48,1.0,13,0
36486242752,AUD-08,devsecops-audit,alvo1,trivy,trivy-image,103,103,1.0,55,0
36486242752,AUD-08,devsecops-audit,alvo1,trivy,trivy-secret,5,5,1.0,,0
36486242752,AUD-08,devsecops-audit,alvo1,trivy,trivy-config,2,2,1.0,,0
36486242752,AUD-08,devsecops-audit,alvo1,zap,zap,154,132,1.167,2,10
36486242752,AUD-08,devsecops-audit,alvo2,semgrep,semgrep,17,17,1.0,3,0
36486242752,AUD-08,devsecops-audit,alvo2,trivy,trivy-image,6146,6144,1.0,2483,0
36486242752,AUD-08,devsecops-audit,alvo2,trivy,trivy-secret,0,0,,,0
36486242752,AUD-08,devsecops-audit,alvo2,trivy,trivy-config,2,2,1.0,,0
36486242752,AUD-08,devsecops-audit,alvo2,zap,zap,57,55,1.036,0,0
36490328884,ENF-04,devsecops-enforce,alvo1,semgrep,semgrep,48,48,1.0,13,0
36490328884,ENF-04,devsecops-enforce,alvo1,trivy,trivy-image,103,103,1.0,55,0
36490328884,ENF-04,devsecops-enforce,alvo1,trivy,trivy-secret,5,5,1.0,,0
36490328884,ENF-04,devsecops-enforce,alvo1,trivy,trivy-config,2,2,1.0,,0
36490328884,ENF-04,devsecops-enforce,alvo2,semgrep,semgrep,17,17,1.0,3,0
36490328884,ENF-04,devsecops-enforce,alvo2,trivy,trivy-image,6146,6144,1.0,2483,0
36490328884,ENF-04,devsecops-enforce,alvo2,trivy,trivy-secret,0,0,,,0
36490328884,ENF-04,devsecops-enforce,alvo2,trivy,trivy-config,2,2,1.0,,0
36491255296,AUD-09,devsecops-audit,alvo1,semgrep,semgrep,48,48,1.0,13,0
36491255296,AUD-09,devsecops-audit,alvo1,trivy,trivy-image,103,103,1.0,55,0
36491255296,AUD-09,devsecops-audit,alvo1,trivy,trivy-secret,5,5,1.0,,0
36491255296,AUD-09,devsecops-audit,alvo1,trivy,trivy-config,2,2,1.0,,0
36491255296,AUD-09,devsecops-audit,alvo1,zap,zap,153,131,1.168,2,12
36491255296,AUD-09,devsecops-audit,alvo2,semgrep,semgrep,17,17,1.0,3,0
36491255296,AUD-09,devsecops-audit,alvo2,trivy,trivy-image,6146,6144,1.0,2483,0
36491255296,AUD-09,devsecops-audit,alvo2,trivy,trivy-secret,0,0,,,0
36491255296,AUD-09,devsecops-audit,alvo2,trivy,trivy-config,2,2,1.0,,0
36491255296,AUD-09,devsecops-audit,alvo2,zap,zap,61,59,1.034,0,0
36491525012,AUD-10,devsecops-audit,alvo1,semgrep,semgrep,48,48,1.0,13,0
36491525012,AUD-10,devsecops-audit,alvo1,trivy,trivy-image,103,103,1.0,55,0
36491525012,AUD-10,devsecops-audit,alvo1,trivy,trivy-secret,5,5,1.0,,0
36491525012,AUD-10,devsecops-audit,alvo1,trivy,trivy-config,2,2,1.0,,0
36491525012,AUD-10,devsecops-audit,alvo1,zap,zap,147,131,1.122,3,11
36491525012,AUD-10,devsecops-audit,alvo2,semgrep,semgrep,17,17,1.0,3,0
36491525012,AUD-10,devsecops-audit,alvo2,trivy,trivy-image,6146,6144,1.0,2483,0
36491525012,AUD-10,devsecops-audit,alvo2,trivy,trivy-secret,0,0,,,0
36491525012,AUD-10,devsecops-audit,alvo2,trivy,trivy-config,2,2,1.0,,0
36491525012,AUD-10,devsecops-audit,alvo2,zap,zap,61,59,1.034,0,0
36491751752,ENF-05,devsecops-enforce,alvo1,semgrep,semgrep,48,48,1.0,13,0
36491751752,ENF-05,devsecops-enforce,alvo1,trivy,trivy-image,103,103,1.0,55,0
36491751752,ENF-05,devsecops-enforce,alvo1,trivy,trivy-secret,5,5,1.0,,0
36491751752,ENF-05,devsecops-enforce,alvo1,trivy,trivy-config,2,2,1.0,,0
36491751752,ENF-05,devsecops-enforce,alvo2,semgrep,semgrep,17,17,1.0,3,0
36491751752,ENF-05,devsecops-enforce,alvo2,trivy,trivy-image,6146,6144,1.0,2483,0
36491751752,ENF-05,devsecops-enforce,alvo2,trivy,trivy-secret,0,0,,,0
36491751752,ENF-05,devsecops-enforce,alvo2,trivy,trivy-config,2,2,1.0,,0
