run_id,run_attempt,workflow,rodada,config,escopo,zap_ajax,alvo,inicio_utc,fim_utc,tempo_parede_s,soma_jobs_s,minutos_faturaveis,jobs,jobs_com_falha,jobs_pulados,conclusao_execucao,head_sha
36475739379,1,00-baseline,BASE-01,baseline,,,alvo1,2026-09-28T19:56:59Z,2026-09-28T19:59:23Z,144,144,3,1,0,0,success,7ad02b7add541c8a54400cf27ec1b09de3aedb4f
36475739379,1,00-baseline,BASE-01,baseline,,,alvo2,2026-09-28T19:56:58Z,2026-09-28T19:59:37Z,159,159,3,1,0,0,success,7ad02b7add541c8a54400cf27ec1b09de3aedb4f
36475757554,1,01-devsecops,AUD-01,devsecops-audit,all_tools,true,alvo1,2026-09-28T19:57:08Z,2026-09-28T20:51:22Z,3254,3146,55,5,0,0,success,7ad02b7add541c8a54400cf27ec1b09de3aedb4f
36475757554,1,01-devsecops,AUD-01,devsecops-audit,all_tools,true,alvo2,2026-09-28T19:57:09Z,2026-09-28T20:09:56Z,767,717,14,5,0,0,success,7ad02b7add541c8a54400cf27ec1b09de3aedb4f
36475777193,1,00-baseline,BASE-02,baseline,,,alvo1,2026-09-28T19:57:18Z,2026-09-28T19:59:40Z,142,142,3,1,0,0,success,7ad02b7add541c8a54400cf27ec1b09de3aedb4f
36475777193,1,00-baseline,BASE-02,baseline,,,alvo2,2026-09-28T19:57:18Z,2026-09-28T19:59:38Z,140,140,3,1,0,0,success,7ad02b7add541c8a54400cf27ec1b09de3aedb4f
36475797081,1,01-devsecops,AUD-02,devsecops-audit,all_tools,true,alvo1,2026-09-28T19:57:29Z,2026-09-28T20:59:49Z,3740,3627,63,5,0,0,success,7ad02b7add541c8a54400cf27ec1b09de3aedb4f
36475797081,1,01-devsecops,AUD-02,devsecops-audit,all_tools,true,alvo2,2026-09-28T19:57:28Z,2026-09-28T20:09:53Z,745,693,14,5,0,0,success,7ad02b7add541c8a54400cf27ec1b09de3aedb4f
36476314826,1,01-devsecops,ENF-01,devsecops-enforce,sca_only,true,alvo1,2026-09-28T20:01:56Z,2026-09-28T20:09:09Z,433,297,7,4,1,0,failure,7ad02b7add541c8a54400cf27ec1b09de3aedb4f
36476314826,1,01-devsecops,ENF-01,devsecops-enforce,sca_only,true,alvo2,2026-09-28T20:01:57Z,2026-09-28T20:09:05Z,428,381,8,4,1,0,failure,7ad02b7add541c8a54400cf27ec1b09de3aedb4f
36476335407,1,00-baseline,BASE-03,baseline,,,alvo1,2026-09-28T20:02:07Z,2026-09-28T20:04:27Z,140,140,3,1,0,0,success,7ad02b7add541c8a54400cf27ec1b09de3aedb4f
36476335407,1,00-baseline,BASE-03,baseline,,,alvo2,2026-09-28T20:02:06Z,2026-09-28T20:04:50Z,164,164,3,1,0,0,success,7ad02b7add541c8a54400cf27ec1b09de3aedb4f
36476846793,1,01-devsecops,AUD-03,devsecops-audit,all_tools,true,alvo1,2026-09-28T20:06:32Z,2026-09-28T21:08:01Z,3689,3583,62,5,0,0,success,7ad02b7add541c8a54400cf27ec1b09de3aedb4f
36476846793,1,01-devsecops,AUD-03,devsecops-audit,all_tools,true,alvo2,2026-09-28T20:06:33Z,2026-09-28T20:19:08Z,755,698,14,5,0,0,success,7ad02b7add541c8a54400cf27ec1b09de3aedb4f
36477374570,1,00-baseline,BASE-04,baseline,,,alvo1,2026-09-28T20:11:04Z,2026-09-28T20:13:34Z,150,150,3,1,0,0,success,7ad02b7add541c8a54400cf27ec1b09de3aedb4f
36477374570,1,00-baseline,BASE-04,baseline,,,alvo2,2026-09-28T20:11:04Z,2026-09-28T20:13:41Z,157,157,3,1,0,0,success,7ad02b7add541c8a54400cf27ec1b09de3aedb4f
36477900429,1,01-devsecops,AUD-04,devsecops-audit,all_tools,true,alvo1,2026-09-28T20:15:29Z,2026-09-28T21:17:32Z,3723,3638,63,5,0,0,success,7ad02b7add541c8a54400cf27ec1b09de3aedb4f
36477900429,1,01-devsecops,AUD-04,devsecops-audit,all_tools,true,alvo2,2026-09-28T20:15:29Z,2026-09-28T20:26:47Z,678,637,14,5,0,0,success,7ad02b7add541c8a54400cf27ec1b09de3aedb4f
36482367301,1,01-devsecops,ENF-02,devsecops-enforce,sca_only,true,alvo1,2026-09-28T20:53:34Z,2026-09-28T21:00:47Z,433,323,8,4,1,0,failure,7ad02b7add541c8a54400cf27ec1b09de3aedb4f
36482367301,1,01-devsecops,ENF-02,devsecops-enforce,sca_only,true,alvo2,2026-09-28T20:53:32Z,2026-09-28T21:00:45Z,433,392,8,4,1,0,failure,7ad02b7add541c8a54400cf27ec1b09de3aedb4f
36483122303,1,00-baseline,BASE-05,baseline,,,alvo1,2026-09-28T21:00:13Z,2026-09-28T21:02:43Z,150,150,3,1,0,0,success,7ad02b7add541c8a54400cf27ec1b09de3aedb4f
36483122303,1,00-baseline,BASE-05,baseline,,,alvo2,2026-09-28T21:00:13Z,2026-09-28T21:02:55Z,162,162,3,1,0,0,success,7ad02b7add541c8a54400cf27ec1b09de3aedb4f
36483419446,1,01-devsecops,AUD-05,devsecops-audit,all_tools,true,alvo1,2026-09-28T21:02:47Z,2026-09-28T22:05:42Z,3775,3672,64,5,0,0,success,7ad02b7add541c8a54400cf27ec1b09de3aedb4f
36483419446,1,01-devsecops,AUD-05,devsecops-audit,all_tools,true,alvo2,2026-09-28T21:02:47Z,2026-09-28T21:15:03Z,736,695,15,5,0,0,success,7ad02b7add541c8a54400cf27ec1b09de3aedb4f
36483686211,1,00-baseline,BASE-06,baseline,,,alvo1,2026-09-28T21:05:08Z,2026-09-28T21:07:22Z,134,134,3,1,0,0,success,7ad02b7add541c8a54400cf27ec1b09de3aedb4f
36483686211,1,00-baseline,BASE-06,baseline,,,alvo2,2026-09-28T21:05:08Z,2026-09-28T21:07:53Z,165,165,3,1,0,0,success,7ad02b7add541c8a54400cf27ec1b09de3aedb4f
36484207483,1,01-devsecops,AUD-06,devsecops-audit,all_tools,true,alvo1,2026-09-28T21:09:42Z,2026-09-28T22:08:43Z,3541,3408,59,5,0,0,success,7ad02b7add541c8a54400cf27ec1b09de3aedb4f
36484207483,1,01-devsecops,AUD-06,devsecops-audit,all_tools,true,alvo2,2026-09-28T21:09:42Z,2026-09-28T21:22:25Z,763,706,14,5,0,0,success,7ad02b7add541c8a54400cf27ec1b09de3aedb4f
36484225698,1,01-devsecops,ENF-03,devsecops-enforce,sca_only,true,alvo1,2026-09-28T21:09:52Z,2026-09-28T21:16:32Z,400,312,7,4,1,0,failure,7ad02b7add541c8a54400cf27ec1b09de3aedb4f
36484225698,1,01-devsecops,ENF-03,devsecops-enforce,sca_only,true,alvo2,2026-09-28T21:09:52Z,2026-09-28T21:16:37Z,405,366,9,4,1,0,failure,7ad02b7add541c8a54400cf27ec1b09de3aedb4f
36485235928,1,00-baseline,BASE-07,baseline,,,alvo1,2026-09-28T21:18:44Z,2026-09-28T21:21:01Z,137,137,3,1,0,0,success,7ad02b7add541c8a54400cf27ec1b09de3aedb4f
36485235928,1,00-baseline,BASE-07,baseline,,,alvo2,2026-09-28T21:18:44Z,2026-09-28T21:21:30Z,166,166,3,1,0,0,success,7ad02b7add541c8a54400cf27ec1b09de3aedb4f
36485254489,1,01-devsecops,AUD-07,devsecops-audit,all_tools,true,alvo1,2026-09-28T21:18:54Z,2026-09-28T22:15:51Z,3417,3306,58,5,0,0,success,7ad02b7add541c8a54400cf27ec1b09de3aedb4f
36485254489,1,01-devsecops,AUD-07,devsecops-audit,all_tools,true,alvo2,2026-09-28T21:18:54Z,2026-09-28T21:30:39Z,705,663,14,5,0,0,success,7ad02b7add541c8a54400cf27ec1b09de3aedb4f
36485747162,1,00-baseline,BASE-08,baseline,,,alvo1,2026-09-28T21:23:20Z,2026-09-28T21:25:52Z,152,152,3,1,0,0,success,7ad02b7add541c8a54400cf27ec1b09de3aedb4f
36485747162,1,00-baseline,BASE-08,baseline,,,alvo2,2026-09-28T21:23:21Z,2026-09-28T21:26:26Z,185,185,4,1,0,0,success,7ad02b7add541c8a54400cf27ec1b09de3aedb4f
36486242752,1,01-devsecops,AUD-08,devsecops-audit,all_tools,true,alvo1,2026-09-28T21:27:48Z,2026-09-28T22:28:01Z,3613,3494,61,5,0,0,success,7ad02b7add541c8a54400cf27ec1b09de3aedb4f
36486242752,1,01-devsecops,AUD-08,devsecops-audit,all_tools,true,alvo2,2026-09-28T21:27:48Z,2026-09-28T21:39:49Z,721,671,13,5,0,0,success,7ad02b7add541c8a54400cf27ec1b09de3aedb4f
36490328884,1,01-devsecops,ENF-04,devsecops-enforce,sca_only,true,alvo1,2026-09-28T22:06:01Z,2026-09-28T22:13:11Z,430,312,7,4,1,0,failure,7ad02b7add541c8a54400cf27ec1b09de3aedb4f
36490328884,1,01-devsecops,ENF-04,devsecops-enforce,sca_only,true,alvo2,2026-09-28T22:06:01Z,2026-09-28T22:13:11Z,430,379,8,4,1,0,failure,7ad02b7add541c8a54400cf27ec1b09de3aedb4f
36490789073,1,00-baseline,BASE-09,baseline,,,alvo1,2026-09-28T22:10:34Z,2026-09-28T22:13:14Z,160,160,3,1,0,0,success,7ad02b7add541c8a54400cf27ec1b09de3aedb4f
36490789073,1,00-baseline,BASE-09,baseline,,,alvo2,2026-09-28T22:10:34Z,2026-09-28T22:13:13Z,159,159,3,1,0,0,success,7ad02b7add541c8a54400cf27ec1b09de3aedb4f
36491255296,1,01-devsecops,AUD-09,devsecops-audit,all_tools,true,alvo1,2026-09-28T22:17:21Z,2026-09-28T23:14:32Z,3431,3329,58,5,0,0,success,7ad02b7add541c8a54400cf27ec1b09de3aedb4f
36491255296,1,01-devsecops,AUD-09,devsecops-audit,all_tools,true,alvo2,2026-09-28T22:15:11Z,2026-09-28T22:29:12Z,841,669,14,5,0,0,success,7ad02b7add541c8a54400cf27ec1b09de3aedb4f
36491275569,1,00-baseline,BASE-10,baseline,,,alvo1,2026-09-28T22:15:21Z,2026-09-28T22:17:50Z,149,149,3,1,0,0,success,7ad02b7add541c8a54400cf27ec1b09de3aedb4f
36491275569,1,00-baseline,BASE-10,baseline,,,alvo2,2026-09-28T22:15:21Z,2026-09-28T22:18:06Z,165,165,3,1,0,0,success,7ad02b7add541c8a54400cf27ec1b09de3aedb4f
36491525012,1,01-devsecops,AUD-10,devsecops-audit,all_tools,true,alvo1,2026-09-28T22:17:48Z,2026-09-28T23:12:04Z,3256,3164,55,5,0,0,success,7ad02b7add541c8a54400cf27ec1b09de3aedb4f
36491525012,1,01-devsecops,AUD-10,devsecops-audit,all_tools,true,alvo2,2026-09-28T22:17:47Z,2026-09-28T22:30:38Z,771,722,15,5,0,0,success,7ad02b7add541c8a54400cf27ec1b09de3aedb4f
36491751752,1,01-devsecops,ENF-05,devsecops-enforce,sca_only,true,alvo1,2026-09-28T22:20:07Z,2026-09-28T22:27:50Z,463,271,7,4,1,0,failure,7ad02b7add541c8a54400cf27ec1b09de3aedb4f
36491751752,1,01-devsecops,ENF-05,devsecops-enforce,sca_only,true,alvo2,2026-09-28T22:20:08Z,2026-09-28T22:27:49Z,461,425,9,4,1,0,failure,7ad02b7add541c8a54400cf27ec1b09de3aedb4f
